source_type,source,n,clickbait_n,informative_n,avg_clickbait_score,clickbait_rate
nacional,El Mostrador,99,9,90,0.044444444444444446,0.09090909090909091
internacional,CNN Espanol,139,9,130,0.048561151079136694,0.06474820143884892
internacional,El Pais,193,11,182,0.035233160621761656,0.05699481865284974
internacional,BBC Mundo,295,11,284,0.024745762711864405,0.03728813559322034
nacional,BioBioChile,350,12,338,0.020914285714285715,0.03428571428571429
nacional,CNN Chile,340,9,331,0.01976470588235294,0.026470588235294117
nacional,La Tercera,211,3,208,0.017061611374407582,0.014218009478672985
internacional,DW Espanol,349,1,348,0.022120343839541548,0.0028653295128939827
internacional,France 24 Espanol,24,0,24,0.021666666666666667,0.0
